Workbook

Sheet критерии
A2: Критерий | B2: Гибкость | C2: Скорость | D2: Масштабируемость | E2: Сложность | F2: Данные | G2: Приоритетный вектор (W) | H2: Вектор согласованности (BC) | I2: Лямбда макс (ВС/W)
A3: Гибкость (C1) | B3: 1 | C3: 3 | D3: 2 | E3: 5 | F3: 3 | G3: 0.374 | H3: =B3*$G$3+C3*$G$4+D3*$G$5+E3*$G$6+F3*$G$7 -> 2.123 | I3: =H3/G3 -> 5.6764706
A4: Скорость (C2) | B4: 0.33 | C4: 1 | D4: 0.5 | E4: 3 | F4: 0.5 | G4: 0.118 | H4: =B4*$G$3+C4*$G$4+D4*$G$5+E4*$G$6+F4*$G$7 -> 0.64042 | I4: =H4/G4 -> 5.4272881
A5: Масштабируемость (C3) | B5: 0.5 | C5: 2 | D5: 1 | E5: 3 | F5: 2 | G5: 0.245 | H5: =B5*$G$3+C5*$G$4+D5*$G$5+E5*$G$6+F5*$G$7 -> 1.252 | I5: =H5/G5 -> 5.1102041
A6: Сложность (C4) | B6: 0.2 | C6: 0.33 | D6: 0.33 | E6: 1 | F6: 0.33 | G6: 0.058 | H6: =B6*$G$3+C6*$G$4+D6*$G$5+E6*$G$6+F6*$G$7 -> 0.32024 | I6: =H6/G6 -> 5.5213793
A7: Данные (C5) | B7: 0.33 | C7: 2 | D7: 0.5 | E7: 3 | F7: 1 | G7: 0.205 | H7: =B7*$G$3+C7*$G$4+D7*$G$5+E7*$G$6+F7*$G$7 -> 0.86092 | I7: =H7/G7 -> 4.1996098
A8: Суммарные по столбцам | B8: =SUM(B3:B7) -> 2.36 | C8: =SUM(C3:C7) -> 8.33 | D8: =SUM(D3:D7) -> 4.33 | E8: =SUM(E3:E7) -> 15 | F8: =SUM(F3:F7) -> 6.83 | I8: Среднее лямбда макс
I9: =AVERAGE(I3:I7) -> 5.1869904
A10: ИС (индекс согласованности) | B10: =(I9-5)/(5-1) -> 0.046747594
A11: ОС (ИС/СИ средн) | B11: =B10/1.12 -> 0.041738923 | C11: или 4%

Sheet методол по критериям
A1: С1: Гибкость и адаптивность | G1: С4: Сложность освоения
B2: TOGAF | C2: Zachman | D2: Agile/SAFe | E2: Приоритет | H2: TOGAF | I2: Zachman | J2: Agile/SAFe | K2: Приоритет
A3: TOGAF | B3: 1 | C3: 3 | D3: 0.333 | E3: =AVERAGE(B3/B6 + C3/C6 + D3/D6)/3 -> 0.26044715 | G3: TOGAF | H3: 1 | I3: 0.333 | J3: 0.5 | K3: =AVERAGE(H3/H6 + I3/I6 + J3/J6)/3 -> 0.15358002
A4: Zachman | B4: 0.333 | C4: 1 | D4: 0.2 | E4: =AVERAGE(B4/B6 + C4/C6 + D4/D6)/3 -> 0.10614211 | G4: Zachman | H4: 3 | I4: 1 | J4: 0.333 | K4: =AVERAGE(H4/H6 + I4/I6 + J4/J6)/3 -> 0.24859657
A5: Agile/SAFe | B5: 3 | C5: 5 | D5: 1 | E5: =AVERAGE(B5/B6 + C5/C6 + D5/D6)/3 -> 0.63341074 | G5: Agile/SAFe | H5: 5 | I5: 3 | J5: 1 | K5: =AVERAGE(H5/H6 + I5/I6 + J5/J6)/3 -> 0.59782341
A6: Суммарные | B6: =SUM(B3:B5) -> 4.333 | C6: =SUM(C3:C5) -> 9 | D6: =SUM(D3:D5) -> 1.533 | G6: Суммарные | H6: =SUM(H3:H5) -> 9 | I6: =SUM(I3:I5) -> 4.333 | J6: =SUM(J3:J5) -> 1.833
A7: С2: Скорость внедрения | G7: С5: Поддержка управления данными
B8: TOGAF | C8: Zachman | D8: Agile/SAFe | E8: Приоритет | H8: TOGAF | I8: Zachman | J8: Agile/SAFe | K8: Приоритет
A9: TOGAF | B9: 1 | C9: 2 | D9: 0.2 | E9: =AVERAGE(B9/B12 + C9/C12 + D9/D12)/3 -> 0.18223443 | G9: TOGAF | H9: 1 | I9: 1 | J9: 3 | K9: =AVERAGE(H9/H12 + I9/I12 + J9/J12)/3 -> 0.42861225
A10: Zachman | B10: 0.5 | C10: 1 | D10: 0.2 | E10: =AVERAGE(B10/B12 + C10/C12 + D10/D12)/3 -> 0.11492674 | G10: Zachman | H10: 1 | I10: 1 | J10: 3 | K10: =AVERAGE(H10/H12 + I10/I12 + J10/J12)/3 -> 0.42861225
A11: Agile/SAFe | B11: 5 | C11: 5 | D11: 1 | E11: =AVERAGE(B11/B12 + C11/C12 + D11/D12)/3 -> 0.70283883 | G11: Agile/SAFe | H11: 0.333 | I11: 0.333 | J11: 1 | K11: =AVERAGE(H11/H12 + I11/I12 + J11/J12)/3 -> 0.1427755
A12: Суммарные | B12: =SUM(B9:B11) -> 6.5 | C12: =SUM(C9:C11) -> 8 | D12: =SUM(D9:D11) -> 1.4 | G12: Суммарные | H12: =SUM(H9:H11) -> 2.333 | I12: =SUM(I9:I11) -> 2.333 | J12: =SUM(J9:J11) -> 7
A13: С3: Масштабируемость
B14: TOGAF | C14: Zachman | D14: Agile/SAFe | E14: Приоритет
A15: TOGAF | B15: 1 | C15: 3 | D15: 2 | E15: =AVERAGE(B15/B18 + C15/C18 + D15/D18)/3 -> 0.5389941
A16: Zachman | B16: 0.333 | C16: 1 | D16: 0.5 | E16: =AVERAGE(B16/B18 + C16/C18 + D16/D18)/3 -> 0.16373107
A17: Agile/SAFe | B17: 0.5 | C17: 2 | D17: 1 | E17: =AVERAGE(B17/B18 + C17/C18 + D17/D18)/3 -> 0.29727483
A18: Суммарные | B18: =SUM(B15:B17) -> 1.833 | C18: =SUM(C15:C17) -> 6 | D18: =SUM(D15:D17) -> 3.5

Sheet итог
B1: C1 | C1: C2 | D1: C3 | E1: C4 | F1: C5 | G1: Глобальный приоритет
B2: =критерии!G3 -> 0.374 | C2: =критерии!G4 -> 0.118 | D2: =критерии!G5 -> 0.245 | E2: =критерии!G6 -> 0.058 | F2: =критерии!G7 -> 0.205
A3: Togaf | B3: ='методол по критериям'!E3 -> 0.26044715 | C3: ='методол по критериям'!E9 -> 0.18223443 | D3: ='методол по критериям'!E15 -> 0.5389941 | E3: ='методол по критериям'!K3 -> 0.15358002 | F3: ='методол по критериям'!K9 -> 0.42861225 | G3: =$B$2*B3 + $C$2*C3 + $D$2*D3 + $E$2*E3 + $F$2*F3 -> 0.3477376
A4: Zachman | B4: ='методол по критериям'!E4 -> 0.10614211 | C4: ='методол по критериям'!E10 -> 0.11492674 | D4: ='методол по критериям'!E16 -> 0.16373107 | E4: ='методол по критериям'!K4 -> 0.24859657 | F4: ='методол по критериям'!K10 -> 0.42861225 | G4: =$B$2*B4 + $C$2*C4 + $D$2*D4 + $E$2*E4 + $F$2*F4 -> 0.19565673
A5: Agile/SAFe | B5: ='методол по критериям'!E5 -> 0.63341074 | C5: ='методол по критериям'!E11 -> 0.70283883 | D5: ='методол по критериям'!E17 -> 0.29727483 | E5: ='методол по критериям'!K5 -> 0.59782341 | F5: ='методол по критериям'!K11 -> 0.1427755 | G5: =$B$2*B5 + $C$2*C5 + $D$2*D5 + $E$2*E5 + $F$2*F5 -> 0.45660567
